
-- create the postgres role 
CREATE ROLE postgres WITH LOGIN;
ALTER ROLE postgres PASSWORD 'defaultpassword';
ALTER ROLE postgres CREATEDB;

-- SCHEMA
CREATE TABLE customers (
    id SERIAL PRIMARY KEY,
    name VARCHAR(100),
    email VARCHAR(100) UNIQUE,
    created_at TIMESTAMP DEFAULT CURRENT_TIMESTAMP
);

CREATE TABLE accounts (
    id SERIAL PRIMARY KEY,
    customer_id INTEGER REFERENCES customers(id),
    account_number VARCHAR(20) UNIQUE,
    account_type VARCHAR(20),
    balance NUMERIC(15,2) DEFAULT 0.00,
    created_at TIMESTAMP DEFAULT CURRENT_TIMESTAMP
);

CREATE TABLE transactions (
    id SERIAL PRIMARY KEY,
    account_id INTEGER REFERENCES accounts(id),
    amount NUMERIC(15,2),
    transaction_type VARCHAR(10), -- 'debit' or 'credit'
    timestamp TIMESTAMP DEFAULT CURRENT_TIMESTAMP,
    description TEXT
);

-- SAMPLE DATA

-- Customers
INSERT INTO customers (id, name, email) VALUES
(1, 'Glenn Campbell', 'dakota47@yahoo.com'),
(2, 'Taylor Murray', 'ebailey@gmail.com'),
(3, 'Patrick Lopez', 'dsandoval@hotmail.com'),
(4, 'Kelsey Lewis', 'debratucker@hotmail.com'),
(5, 'Edward Howard', 'sarahtorres@wilson-pearson.info'),
(6, 'Vanessa Barnes', 'tammyhoffman@yahoo.com'),
(7, 'Daniel Barnes', 'rebeccajohnson@ford-estrada.info'),
(8, 'Lawrence Garcia', 'chasecarolyn@spencer.com'),
(9, 'Tina Salinas', 'aaron86@gmail.com'),
(10, 'Jeffrey Wood', 'kelleyvictoria@lucas.net'),
(11, 'Aaron Maddox', 'rachel70@gmail.com'),
(12, 'Jeffrey Dillon', 'hurstwilliam@hayes-smith.com'),
(13, 'Gina Garner', 'ccarlson@williams-roach.com'),
(14, 'Laura Mann', 'collin84@gmail.com'),
(15, 'Colleen Johnson', 'jcrawford@gmail.com'),
(16, 'Adam Potts', 'justin21@yahoo.com'),
(17, 'Joseph Freeman', 'doylerebecca@hotmail.com'),
(18, 'Clayton Howard', 'brent74@yahoo.com'),
(19, 'Adrian Alvarado', 'trevorharrison@richardson.com'),
(20, 'Melinda Thompson', 'vbaker@gmail.com'),
(21, 'Stephen Walsh', 'karen04@peters.com'),
(22, 'Melanie Reed', 'zwright@thompson-shelton.com'),
(23, 'Jesus Moore', 'andreasmith@hotmail.com'),
(24, 'Brianna Mcdonald', 'rebekahberry@mullins.com'),
(25, 'Susan Dillon DVM', 'lwise@gonzalez-foster.org'),
(26, 'Matthew Bowers', 'zgillespie@long.com'),
(27, 'Valerie Jenkins', 'thomas28@gmail.com'),
(28, 'Jessica Wilson', 'jamesmeyer@yahoo.com'),
(29, 'Michelle Simmons', 'teresa68@mccoy.com'),
(30, 'Douglas Lewis', 'brandonjordan@hotmail.com'),
(31, 'Jason Martin', 'uwilliams@shepherd.info'),
(32, 'Sherri Cline', 'sgarcia@pittman.biz'),
(33, 'Mrs. Amanda Huff', 'drogers@yahoo.com'),
(34, 'Larry Zavala', 'dillonsarah@yahoo.com'),
(35, 'Calvin Kelley', 'lyu@cameron.info'),
(36, 'Glenn Gonzales', 'amylewis@hotmail.com'),
(37, 'Yvonne Jefferson', 'mwright@gonzalez-atkinson.com'),
(38, 'Katherine Campos', 'stephensonjonathan@taylor.com'),
(39, 'Christina Anderson', 'richard57@campos-brown.com'),
(40, 'Jennifer Morgan', 'samantha52@yahoo.com'),
(41, 'Tom Anderson', 'garciakimberly@gmail.com'),
(42, 'Tammy Hayes', 'fchambers@yahoo.com'),
(43, 'Charles Gomez', 'anthony91@gmail.com'),
(44, 'Elizabeth Kemp', 'melvin39@steele.info'),
(45, 'Eric Perkins', 'jeffreymacias@gomez.biz'),
(46, 'Robert Reyes', 'sharonandersen@arroyo-cook.org'),
(47, 'Mitchell Fowler', 'bradleyross@potts.org'),
(48, 'Karen Larson', 'mbowman@hotmail.com'),
(49, 'Michael Green', 'jacksonangel@yahoo.com'),
(50, 'Erin Alexander', 'lindsay70@gmail.com');

-- Accounts
INSERT INTO accounts (id, customer_id, account_number, account_type, balance) VALUES
(1, 38, 'SG4434725378', 'checking', 2108.79),
(2, 32, 'SG7851354192', 'savings', 4013.56),
(3, 33, 'SG2113702402', 'savings', 6062.59),
(4, 37, 'SG3733060184', 'checking', 1831.47),
(5, 22, 'SG8325873365', 'checking', 7399.93),
(6, 34, 'SG5156769532', 'checking', 3629.34),
(7, 41, 'SG6047090732', 'savings', 9025.18),
(8, 6, 'SG7114414075', 'checking', 9673.32),
(9, 38, 'SG2000620899', 'savings', 3476.21),
(10, 10, 'SG5635489012', 'savings', 4899.1),
(11, 19, 'SG6936032016', 'checking', 1822.29),
(12, 22, 'SG6559268609', 'savings', 2348.35),
(13, 26, 'SG9409343500', 'checking', 9420.83),
(14, 30, 'SG4252347053', 'checking', 4252.85),
(15, 4, 'SG5577138936', 'savings', 4153.5),
(16, 9, 'SG6448083031', 'checking', 1831.81),
(17, 6, 'SG7821928520', 'savings', 6913.31),
(18, 50, 'SG4334280487', 'savings', 6890.42),
(19, 46, 'SG8482639253', 'checking', 9441.39),
(20, 28, 'SG6095105310', 'checking', 7556.95),
(21, 12, 'SG5824644645', 'checking', 1749.22),
(22, 33, 'SG7025180671', 'checking', 1774.18),
(23, 21, 'SG2322542854', 'checking', 3713.99),
(24, 36, 'SG1029138377', 'checking', 2543.51),
(25, 32, 'SG4384926541', 'checking', 9852.5),
(26, 35, 'SG1959872155', 'checking', 9623.62),
(27, 17, 'SG5448640855', 'checking', 5627.09),
(28, 2, 'SG8863726814', 'checking', 6187.09),
(29, 12, 'SG2046582492', 'savings', 3932.67),
(30, 15, 'SG4284292832', 'checking', 7290.55),
(31, 34, 'SG1633957236', 'checking', 306.19),
(32, 36, 'SG7538636903', 'checking', 7794.38),
(33, 31, 'SG8709206959', 'checking', 1438.71),
(34, 16, 'SG7170232175', 'checking', 786.0),
(35, 45, 'SG2022884810', 'checking', 2071.86),
(36, 38, 'SG8523065199', 'savings', 191.86),
(37, 22, 'SG9580530598', 'savings', 1710.84),
(38, 12, 'SG9628566794', 'checking', 8576.45),
(39, 22, 'SG8395106291', 'checking', 1796.89),
(40, 2, 'SG2033721625', 'checking', 5925.12),
(41, 47, 'SG2445987939', 'savings', 3412.7),
(42, 29, 'SG6492780659', 'savings', 4899.99),
(43, 12, 'SG9300836638', 'checking', 4657.46),
(44, 32, 'SG8549823372', 'savings', 3097.04),
(45, 45, 'SG2925997385', 'savings', 5132.36),
(46, 21, 'SG4390470474', 'savings', 5475.26),
(47, 2, 'SG1720915251', 'checking', 8445.42),
(48, 15, 'SG7016023408', 'savings', 2607.58),
(49, 44, 'SG5487334790', 'savings', 4131.43),
(50, 50, 'SG6412186827', 'checking', 9116.51),
(51, 35, 'SG8446567191', 'savings', 7039.33),
(52, 11, 'SG7714521302', 'checking', 2217.3),
(53, 37, 'SG1217285508', 'savings', 9983.81),
(54, 44, 'SG5905382590', 'savings', 6954.92),
(55, 14, 'SG7070886289', 'savings', 4584.38),
(56, 3, 'SG7608045199', 'savings', 2139.58),
(57, 24, 'SG5156303939', 'savings', 7225.19),
(58, 31, 'SG4308620449', 'savings', 5475.41),
(59, 46, 'SG8990833771', 'savings', 7747.03),
(60, 27, 'SG8401434749', 'savings', 1683.01);

-- Transactions
INSERT INTO transactions (id, account_id, amount, transaction_type, description, timestamp) VALUES
(1, 47, 142.92, 'debit', 'Fight whatever note.', '2025-03-15 06:56:40'),
(2, 16, 86.42, 'debit', 'Example amount government deal.', '2025-03-15 06:56:40'),
(3, 5, 486.85, 'credit', 'Case option.', '2025-03-27 06:56:40'),
(4, 12, 108.65, 'credit', 'Language movie air.', '2025-03-23 06:56:40'),
(5, 42, 227.97, 'debit', 'Recently sort information.', '2025-03-26 06:56:40'),
(6, 4, 745.07, 'debit', 'Glass quite.', '2025-03-26 06:56:40'),
(7, 15, 40.79, 'credit', 'Bit mention.', '2025-03-27 06:56:40'),
(8, 22, 224.88, 'credit', 'Suddenly impact office.', '2025-04-01 06:56:40'),
(9, 16, 372.08, 'debit', 'Military risk option.', '2025-03-25 06:56:40'),
(10, 14, 741.73, 'debit', 'Amount bag develop.', '2025-03-18 06:56:40'),
(11, 12, 488.14, 'credit', 'Situation game fund.', '2025-03-19 06:56:40'),
(12, 4, 774.19, 'debit', 'Boy you beat.', '2025-03-21 06:56:40'),
(13, 27, 420.23, 'credit', 'What no admit thousand.', '2025-04-05 06:56:40'),
(14, 34, 248.16, 'debit', 'Character indeed fill shoulder budget.', '2025-04-03 06:56:40'),
(15, 22, 469.33, 'debit', 'Across government fall help even.', '2025-03-28 06:56:40'),
(16, 13, 985.11, 'debit', 'Walk would cause.', '2025-03-26 06:56:40'),
(17, 59, 388.74, 'credit', 'Painting old than.', '2025-04-06 06:56:40'),
(18, 40, 550.25, 'debit', 'Few page four.', '2025-04-05 06:56:40'),
(19, 35, 909.7, 'credit', 'South course beat.', '2025-03-21 06:56:40'),
(20, 13, 460.19, 'debit', 'Understand agent.', '2025-03-24 06:56:40'),
(21, 30, 328.04, 'credit', 'Trade machine someone.', '2025-03-29 06:56:40'),
(22, 47, 529.94, 'credit', 'Real someone.', '2025-04-01 06:56:40'),
(23, 46, 847.99, 'debit', 'Hour their financial.', '2025-03-15 06:56:40'),
(24, 46, 311.36, 'credit', 'Support not.', '2025-03-30 06:56:40'),
(25, 33, 837.92, 'credit', 'Relationship anything investment none.', '2025-03-16 06:56:40'),
(26, 36, 802.05, 'credit', 'Walk make amount.', '2025-03-24 06:56:40'),
(27, 3, 434.02, 'debit', 'Themselves determine follow audience.', '2025-03-19 06:56:40'),
(28, 29, 572.34, 'debit', 'Current baby base artist.', '2025-03-30 06:56:40'),
(29, 26, 906.97, 'credit', 'Miss mouth use serve.', '2025-03-30 06:56:40'),
(30, 59, 864.46, 'debit', 'Least blue.', '2025-03-18 06:56:40'),
(31, 17, 197.99, 'debit', 'Summer line knowledge describe.', '2025-03-18 06:56:40'),
(32, 42, 308.14, 'debit', 'Four inside must resource.', '2025-03-27 06:56:40'),
(33, 55, 594.63, 'debit', 'Phone determine church nearly.', '2025-03-14 06:56:40'),
(34, 57, 767.2, 'credit', 'Because yard simple beautiful seek.', '2025-03-14 06:56:40'),
(35, 45, 816.08, 'debit', 'Manage present relate cover.', '2025-04-04 06:56:40'),
(36, 18, 894.22, 'credit', 'Team note age.', '2025-03-10 06:56:40'),
(37, 28, 368.94, 'debit', 'Phone state.', '2025-03-12 06:56:40'),
(38, 37, 849.21, 'credit', 'Probably forward process particularly.', '2025-03-15 06:56:40'),
(39, 51, 423.92, 'debit', 'Whether chance.', '2025-04-07 06:56:40'),
(40, 44, 904.07, 'debit', 'Describe make.', '2025-03-11 06:56:40'),
(41, 20, 119.04, 'credit', 'Animal already knowledge.', '2025-03-25 06:56:40'),
(42, 60, 290.97, 'debit', 'Fish manage involve page without.', '2025-04-03 06:56:40'),
(43, 52, 768.26, 'credit', 'Conference hair.', '2025-03-21 06:56:40'),
(44, 15, 405.16, 'debit', 'Contain education individual activity.', '2025-04-07 06:56:40'),
(45, 55, 486.87, 'credit', 'Side attack within least not.', '2025-03-20 06:56:40'),
(46, 52, 329.38, 'debit', 'Task meet.', '2025-03-26 06:56:40'),
(47, 21, 40.18, 'debit', 'Where onto debate.', '2025-03-13 06:56:40'),
(48, 45, 318.65, 'credit', 'East music show part.', '2025-04-03 06:56:40'),
(49, 2, 607.5, 'debit', 'His operation board.', '2025-03-20 06:56:40'),
(50, 12, 318.4, 'debit', 'Road artist service.', '2025-03-29 06:56:40'),
(51, 45, 483.78, 'credit', 'Dream thought candidate save give.', '2025-03-25 06:56:40'),
(52, 16, 436.71, 'credit', 'Brother answer think very.', '2025-03-14 06:56:40'),
(53, 46, 401.08, 'credit', 'Picture policy senior yard eat.', '2025-03-21 06:56:40'),
(54, 55, 601.95, 'credit', 'Energy section agree game push.', '2025-03-11 06:56:40'),
(55, 51, 762.25, 'debit', 'Street side nearly.', '2025-03-15 06:56:40'),
(56, 30, 626.69, 'debit', 'Anyone wish soon.', '2025-03-13 06:56:40'),
(57, 30, 695.66, 'debit', 'Story article stuff environmental final.', '2025-03-18 06:56:40'),
(58, 34, 943.75, 'credit', 'Public piece laugh oil.', '2025-04-04 06:56:40'),
(59, 57, 808.32, 'credit', 'Someone major court century.', '2025-03-22 06:56:40'),
(60, 55, 480.47, 'credit', 'Particular herself time call.', '2025-04-02 06:56:40'),
(61, 39, 571.08, 'credit', 'Value top find if consumer.', '2025-04-02 06:56:40'),
(62, 23, 446.33, 'debit', 'Memory though type card.', '2025-03-14 06:56:40'),
(63, 3, 81.88, 'debit', 'Structure him choice church.', '2025-04-03 06:56:40'),
(64, 56, 486.48, 'credit', 'Decision case coach.', '2025-03-22 06:56:40'),
(65, 46, 559.73, 'credit', 'Trip others event already.', '2025-03-14 06:56:40'),
(66, 5, 173.77, 'credit', 'Fill group likely.', '2025-03-17 06:56:40'),
(67, 23, 256.6, 'debit', 'Recent federal charge buy.', '2025-04-02 06:56:40'),
(68, 48, 639.0, 'credit', 'Yet me man serious order.', '2025-04-05 06:56:40'),
(69, 32, 708.6, 'debit', 'Born pressure.', '2025-04-08 06:56:40'),
(70, 59, 669.08, 'debit', 'Thousand sense person cultural bank.', '2025-04-06 06:56:40'),
(71, 34, 937.87, 'credit', 'Fire offer say evening.', '2025-04-04 06:56:40'),
(72, 1, 503.53, 'debit', 'Building wide our.', '2025-03-18 06:56:40'),
(73, 48, 534.75, 'credit', 'Personal treat scientist.', '2025-04-09 06:56:40'),
(74, 40, 273.01, 'debit', 'Indicate word form board hear.', '2025-03-28 06:56:40'),
(75, 43, 386.22, 'credit', 'Truth history return.', '2025-04-04 06:56:40'),
(76, 35, 963.29, 'debit', 'Successful attorney music exist.', '2025-03-21 06:56:40'),
(77, 5, 298.69, 'credit', 'Lot explain partner grow.', '2025-03-30 06:56:40'),
(78, 7, 523.3, 'credit', 'Environment expert performance establish.', '2025-03-24 06:56:40'),
(79, 34, 495.82, 'credit', 'Process there those class.', '2025-04-05 06:56:40'),
(80, 12, 565.53, 'debit', 'Statement difference move whom.', '2025-03-24 06:56:40'),
(81, 31, 335.62, 'debit', 'Room onto movement protect image.', '2025-04-02 06:56:40'),
(82, 12, 403.25, 'debit', 'Top school trip.', '2025-04-02 06:56:40'),
(83, 7, 857.39, 'credit', 'Court career a into both.', '2025-03-24 06:56:40'),
(84, 36, 537.06, 'debit', 'Meeting financial.', '2025-04-03 06:56:40'),
(85, 57, 214.86, 'credit', 'Make process third.', '2025-04-06 06:56:40'),
(86, 1, 553.81, 'credit', 'Spring suffer student.', '2025-03-14 06:56:40'),
(87, 16, 434.83, 'credit', 'Thing computer.', '2025-04-09 06:56:40'),
(88, 31, 266.7, 'credit', 'Central late check.', '2025-03-18 06:56:40'),
(89, 59, 604.4, 'credit', 'Into father current ok evening.', '2025-03-27 06:56:40'),
(90, 40, 877.18, 'debit', 'Store without matter age.', '2025-03-14 06:56:40'),
(91, 16, 319.65, 'debit', 'Job play threat single.', '2025-03-27 06:56:40'),
(92, 18, 864.83, 'credit', 'Let theory beat ability move.', '2025-03-20 06:56:40'),
(93, 59, 705.99, 'debit', 'Wife song.', '2025-03-18 06:56:40'),
(94, 60, 850.14, 'credit', 'Last great one exist.', '2025-03-17 06:56:40'),
(95, 34, 604.07, 'credit', 'Stop thought south.', '2025-03-12 06:56:40'),
(96, 30, 706.91, 'debit', 'Suffer pressure.', '2025-04-04 06:56:40'),
(97, 29, 121.72, 'debit', 'Stop great teach.', '2025-04-04 06:56:40'),
(98, 5, 174.88, 'credit', 'Ago important case international.', '2025-03-16 06:56:40'),
(99, 2, 39.82, 'credit', 'To kid.', '2025-03-25 06:56:40'),
(100, 46, 983.08, 'credit', 'Away happy way day resource.', '2025-03-11 06:56:40');
